"object","method","rows","cols","Count","tVal","Time","TimeSD","TimeSE","TimeCI","Memory","MemorySD","MemorySE","MemoryCI"
"pseq","agg",10,10,10,2.2621571627982,0.259708952903748,0.0709057745988777,0.0224223746990965,0.0507229355325065,3.1063248,2.86200014513474,0.905043912235826,2.04735156871118
"pseq","agg",10,100,10,2.2621571627982,0.246257591247559,0.0547038314761232,0.017298870420256,0.0391327636295001,3.9317232,2.84501997903193,0.899674312242538,2.03520468962501
"pseq","agg",10,1000,10,2.2621571627982,0.266511845588684,0.0554629763676331,0.0175389331133813,0.0396758231702741,10.7794624,2.7165404326017,0.859045512296049,1.94329595881016
"pseq","agg",10,10000,10,2.2621571627982,1.10511684417725,0.0896057731208879,0.02833583345623,0.0641001086168677,88.1861344,1.17269118561928,0.370837513856023,0.838892738203681
"pseq","agg",10,100000,10,2.2621571627982,4.71311423778534,1.03718148594784,0.327985584255311,0.741954938717707,807.8579696,13.0223583495094,4.11803128913607,9.31563397734629
"pseq","agg",100,10,10,2.2621571627982,2.46735515594483,0.195977801362708,0.0619736223138206,0.14019407362176,28.8803184,0.560776760143602,0.177333182094372,0.401155528076581
"pseq","agg",100,100,10,2.2621571627982,2.62718486785889,0.366659903994994,0.115948042328285,0.26229269446536,48.4035248,1.17909693075381,0.372863188329589,0.843475132223555
"pseq","agg",100,1000,10,2.2621571627982,2.58462200164795,0.435312766933291,0.137657983805923,0.311403994082928,231.9502968,6.88210198951165,2.1763117376433,4.92315918579161
"pseq","agg",100,10000,10,2.2621571627982,6.87822098731994,1.14565783446521,0.362288817612621,0.819554243764082,2142.0990104,66.9388703004997,21.1679294148179,47.8851831473371
"pseq","agg",100,100000,10,2.2621571627982,43.7685392379761,6.95452201992495,2.19921296207577,4.97496535467837,20788.3122232,649.159586919885,205.282285960089,464.380793580204
"pseq","agg",1000,10,10,2.2621571627982,13.9644591331482,1.68733966948399,0.533583654192512,1.20705008528363,1067.5414768,26.6408656329803,8.42458142387212,19.057727211589
"pseq","agg",1000,100,10,2.2621571627982,16.7466246366501,3.00842956542526,0.951348960693437,2.15210086575329,2142.5337736,53.5666173747064,16.9392517454821,38.3192496684844
"pseq","agg",1000,1000,10,2.2621571627982,38.1525155067444,5.04212179634203,1.59445891164204,3.60691664775848,12818.158868,320.256980630949,101.274149536223,229.098042779663
"pseq","agg",1000,10000,10,2.2621571627982,171.439068794251,16.3757738024463,5.17847436634464,11.7145228801934,120116.3614304,3002.39392314707,949.440323019328,2147.78322736761
"pseq","agg",1000,100000,10,2.2621571627982,1131.22233617306,108.882788402627,34.4317609342467,77.8900546251616,1189845.2460824,29727.3886104296,9400.62568979055,21265.6927389445
"pseq","agg",10000,10,10,2.2621571627982,155.347653079033,30.0250450815902,9.49475293070613,21.4786233511961,51884.657436,372.127987444935,117.677202142054,266.204325723699
"pseq","agg",10000,100,10,2.2621571627982,213.763662219048,26.4721074737505,8.37121540818177,18.9370048969451,102496.1607944,752.04563396941,237.817710772863,537.981037865104
"pseq","agg",10000,1000,10,2.2621571627982,882.67315030098,124.496113930033,39.3691279858719,89.0591548663594,609811.8629504,4473.49278679537,1414.64263026074,3200.14395884402
"pseq","alpha",10,10,10,2.2621571627982,0.0429583311080933,0.00499706775167546,0.00158021157174711,0.00357468692576435,1.797224,0,0,0
"pseq","alpha",10,100,10,2.2621571627982,0.1967116355896,0.0347455939805804,0.010987521563407,0.024855500606061,2.36244,0,0,0
"pseq","alpha",10,1000,10,2.2621571627982,2.40692718029022,0.37925178432048,0.119929944513565,0.271300383015352,7.98908,0,0,0
"pseq","alpha",10,10000,10,2.2621571627982,18.4628917455673,2.95208733158577,0.933531981953977,2.11179605967839,64.51148,0,0,0
"pseq","alpha",10,100000,10,2.2621571627982,160.013541936874,17.0402902599553,5.38861292118413,12.1898893172036,628.179,0,0,0
"pseq","alpha",100,10,10,2.2621571627982,0.0434704065322876,0.00663140441920855,0.00209703420504051,0.00474382094756522,2.623488,0,0,0
"pseq","alpha",100,100,10,2.2621571627982,0.190886855125427,0.0163083407171158,0.00515715015241496,0.0116662841569114,4.617904,0,0,0
"pseq","alpha",100,1000,10,2.2621571627982,2.79620113372803,0.85242716782645,0.269561138973818,0.609789661341666,24.536544,0,0,0
"pseq","alpha",100,10000,10,2.2621571627982,19.8043564319611,5.67508281862707,1.79461876169498,4.05970968626034,223.978944,0,0,0
"pseq","alpha",100,100000,10,2.2621571627982,166.226591396332,22.2588189289984,7.03885658409046,15.9229998396095,2216.846464,0,0,0
"pseq","alpha",1000,10,10,2.2621571627982,0.18327054977417,0.0177753105124367,0.00562104673360346,0.0127156911308445,67.639168,0,0,0
"pseq","alpha",1000,100,10,2.2621571627982,1.00843172073364,0.0735331949829167,0.0232532379775283,0.0526024788491169,82.266704,0,0,0
"pseq","alpha",1000,1000,10,2.2621571627982,2.87515821456909,0.500548254404842,0.158287256274071,0.358070650560065,228.516544,0,0,0
"pseq","alpha",1000,10000,10,2.2621571627982,22.1326992034912,6.08141563240397,1.92311247965498,4.35038267071814,1691.270944,0,0,0
"pseq","alpha",1000,100000,10,2.2621571627982,183.597065019608,33.77775940671,10.6814653982381,24.1631534598055,16317.258464,0,0,0
"pseq","alpha",10000,10,10,2.2621571627982,4.27151925563812,0.450009226073702,0.142305412248253,0.321917207622337,6420.707968,0,0,0
"pseq","alpha",10000,100,10,2.2621571627982,5.19725885391235,0.459314518476083,0.145248004076791,0.328573812804457,6566.274704,0,0,0
"pseq","alpha",10000,1000,10,2.2621571627982,9.28832805156708,1.49237527536779,0.471930499388319,1.06758095953422,8021.916544,0,0,0
"pseq","alpha",10000,10000,10,2.2621571627982,39.8606274843216,8.75737566745828,2.76932534349055,6.26464916189574,22578.590944,0,0,0
"pseq","beta",10,10,10,2.2621571627982,0.0333832263946533,0.00414372450766836,0.00131036074404919,0.00296424194300045,1.237496,0,0,0
"pseq","beta",10,100,10,2.2621571627982,0.894775772094726,0.084140934748457,0.0266076998260731,0.0601907987471358,29.96796,0,0,0
"pseq","beta",10,1000,10,2.2621571627982,183.128262209892,28.6936524225046,9.07372960443227,20.5262024179606,12904.810024,0,0,0
"pseq","beta",100,10,10,2.2621571627982,0.0332165956497192,0.00486036308972564,0.00153698176189464,0.00347689430176016,2.019096,0,0,0
"pseq","beta",100,100,10,2.2621571627982,1.57463874816895,0.153556339030869,0.0485587780494558,0.109847587581305,105.80812,0,0,0
"pseq","beta",100,1000,10,2.2621571627982,179.129477357864,16.8157213878181,5.31759800843126,12.0292424236543,20473.934984,0,0,0
"pseq","beta",1000,10,10,2.2621571627982,0.0461485624313355,0.00659934298658809,0.00208689548982764,0.00472088558032486,9.467496,0,0,0
"pseq","beta",1000,100,10,2.2621571627982,2.076699924469,0.106241387858813,0.0335964767411208,0.0760005105047097,827.74132,0,0,0
"pseq","beta",1000,1000,10,2.2621571627982,257.62967133522,39.6195770546501,12.528810342524,28.3421380576809,92488.828184,0,0,0
"pseq","beta",10000,10,10,2.2621571627982,0.932226014137269,0.0649258182297596,0.0205313464556122,0.0464451324464546,83.951496,0,0,0
"pseq","beta",10000,100,10,2.2621571627982,7.8577791929245,0.636677923850168,0.201335237531377,0.455451949705282,8047.07332,0,0,0
"pseq","beta",10000,1000,10,2.2621571627982,750.121065187454,79.337284906252,25.0886523677455,56.7544746586495,812637.760184,0,0,0
"pseq","melt",10,10,10,2.2621571627982,0.034934401512146,0.00427257542248934,0.00135110698099225,0.00305641633475828,1.185064,0,0,0
"pseq","melt",10,100,10,2.2621571627982,0.0388612985610962,0.00363836299862401,0.00115055140301319,0.00260272809749382,1.87868,0,0,0
"pseq","melt",10,1000,10,2.2621571627982,0.131229043006897,0.0209232604750332,0.00661651591780814,0.014967598876238,9.666648,0,0,0
"pseq","melt",10,10000,10,2.2621571627982,2.30219533443451,0.257938833261801,0.0815674210113688,0.184518325691845,85.988696,0,0,0
"pseq","melt",10,100000,10,2.2621571627982,24.1007867336273,3.57697904674222,1.13114009304033,2.55881666359941,797.74612,0,0,0
"pseq","melt",100,10,10,2.2621571627982,0.0405752182006836,0.00509233151553323,0.00161033661897421,0.00364283451712876,1.930704,0,0,0
"pseq","melt",100,100,10,2.2621571627982,0.126928353309631,0.0221074240743999,0.00699098132743434,0.0158146984848441,9.577824,0,0,0
"pseq","melt",100,1000,10,2.2621571627982,2.22809386253357,0.238493152559319,0.0754181568441464,0.170607723710024,84.085488,0,0,0
"pseq","melt",100,10000,10,2.2621571627982,22.2531583070755,2.96083771033339,0.936299094677137,2.11805570354536,781.285168,0,0,0
"pseq","melt",100,100000,10,2.2621571627982,251.040313196182,25.4425408748156,8.04563786263501,18.2004973202402,8714.743424,0,0,0
"pseq","melt",1000,10,10,2.2621571627982,0.12160279750824,0.0146906763138794,0.00464559975201457,0.0105090767545133,10.22264,0,0,0
"pseq","melt",1000,100,10,2.2621571627982,2.17242934703827,0.187158355528914,0.0591846686602936,0.133885022137721,84.589456,0,0,0
"pseq","melt",1000,1000,10,2.2621571627982,22.7178357124329,2.69015786477972,0.850702611811918,1.92442300672147,779.974752,0,0,0
"pseq","melt",1000,10000,10,2.2621571627982,256.657706975937,34.6624504781113,10.9612292793624,24.7960233273831,8698.875264,0,0,0
"pseq","melt",10000,10,10,2.2621571627982,2.11721248626709,0.180956238944666,0.0572233871882809,0.129448295207545,91.635568,0,0,0
"pseq","melt",10000,100,10,2.2621571627982,21.0260063171387,1.99300362549608,0.630243084154083,1.42570890712319,786.880016,0,0,0
"pseq","melt",10000,1000,10,2.2621571627982,264.574248862267,38.5770568628944,12.1991365112576,27.5963640388946,8703.966144,0,0,0
"pseq","trans",10,10,10,2.2621571627982,0.0231759071350098,0.00238595470875551,0.000754505127367111,0.00170680917824148,0.877104,0,0,0
"pseq","trans",10,100,10,2.2621571627982,0.0219430923461914,0.00251045065351659,0.000793874201857062,0.00179586821209166,1.0108,0,0,0
"pseq","trans",10,1000,10,2.2621571627982,0.0226916074752808,0.00293431102923715,0.000927910621574231,0.00209907965903068,2.3392,0,0,0
"pseq","trans",10,10000,10,2.2621571627982,0.0547210931777954,0.00719081936299496,0.00227393674299052,0.00514400229090602,15.6232,0,0,0
"pseq","trans",10,100000,10,2.2621571627982,1.64308390617371,0.131688926417353,0.0416436950101154,0.0942045829525163,148.4632,0,0,0
"pseq","trans",100,10,10,2.2621571627982,0.0253227949142456,0.00476231432711473,0.00150597602073347,0.00340675444230456,2.2310512,0.000150953120022212,4.77355679178958e-05,0.000107985356885708
"pseq","trans",100,100,10,2.2621571627982,0.0260699510574341,0.00520653775531125,0.0016464518030444,0.00372453273945891,3.5311472,0.000150953120022153,4.7735567917877e-05,0.000107985356885666
"pseq","trans",100,1000,10,2.2621571627982,0.0552794456481934,0.015768196324234,0.00498634149772744,0.0112798881352421,16.5235472,0.000150953120022824,4.77355679180891e-05,0.000107985356886146
"pseq","trans",100,10000,10,2.2621571627982,1.76050305366516,0.669547146610952,0.21172939841573,0.478965175201098,146.4475472,0.000150953120019577,4.77355679170624e-05,0.000107985356883823
"pseq","trans",100,100000,10,2.2621571627982,5.22472221851349,1.13420304398608,0.358666494809214,0.811359980288389,1445.6875472,0.000150953120036347,4.77355679223654e-05,0.000107985356895819
"pseq","trans",1000,10,10,2.2621571627982,0.884835529327393,0.0426674073780863,0.0134926189169026,0.0305224245277777,122.6511888,0.00460522169330121,0.00145629896808492,0.00329437714182894
"pseq","trans",1000,100,10,2.2621571627982,0.871573853492737,0.0313232181321896,0.00990527129440042,0.0224072804080874,135.6152848,0.00460522169330208,0.0014562989680852,0.00329437714182956
"pseq","trans",1000,1000,10,2.2621571627982,1.81910493373871,0.341949829678023,0.108134030728919,0.244616172155666,265.2476848,0.00460522169329871,0.00145629896808413,0.00329437714182715
"pseq","trans",1000,10000,10,2.2621571627982,4.80473034381867,0.266072543978093,0.0841395261806093,0.190336831823912,1561.5716848,0.00460522169329319,0.00145629896808238,0.0032943771418232
"pseq","trans",1000,100000,10,2.2621571627982,18.6314504146576,2.43450625238204,0.769858473544798,1.74154086027026,14524.8116848,0.00460522169326647,0.00145629896807393,0.00329437714180409
"pseq","trans",10000,10,10,2.2621571627982,18.0116523742676,0.948612159617902,0.299977504052377,0.678596259470413,12019.3295752,0.00304333022294176,0.000962385517652397,0.00217706729213063
"pseq","trans",10000,100,10,2.2621571627982,19.9068785905838,3.08611399864099,0.97591493546353,2.20767296154057,12148.9336712,0.0030433302225536,0.00096238551752965,0.00217706729185296
"pseq","trans",10000,1000,10,2.2621571627982,20.7666972160339,1.58393633168566,0.50088464768186,1.13307979348918,13444.9660712,0.0030433302225536,0.00096238551752965,0.00217706729185296
"pseq","trans",10000,10000,10,2.2621571627982,51.353741979599,8.1504131917744,2.57738695574898,5.83045436325023,26405.2900712,0.00304333022279199,0.000962385517605035,0.00217706729202349
"qiime","agg",10,10,10,2.2621571627982,40.579128575325,38.0396546756277,12.0291950181257,27.2119296729496,NA,NA,NA,NA
"qiime","agg",10,100,10,2.2621571627982,31.1919745206833,12.9123187493039,4.08323371218969,9.23691638940901,NA,NA,NA,NA
"qiime","agg",10,1000,10,2.2621571627982,49.1664701223374,40.8254434230494,12.9101387703177,29.2047628919931,NA,NA,NA,NA
"qiime","agg",10,10000,10,2.2621571627982,42.025114774704,14.2483618320599,4.50572763155187,10.1926640353329,NA,NA,NA,NA
"qiime","agg",10,100000,10,2.2621571627982,91.5524233341217,25.6213393562023,8.10217890697113,18.3284020486773,NA,NA,NA,NA
"qiime","agg",100,10,10,2.2621571627982,31.5954959154129,7.54134444985193,2.38478250814016,5.39475283250512,NA,NA,NA,NA
"qiime","agg",100,100,10,2.2621571627982,30.2315747261047,4.60370952685552,1.45582077906795,3.29329540311904,NA,NA,NA,NA
"qiime","agg",100,1000,10,2.2621571627982,34.9473361730576,3.03305495764068,0.959136193461008,2.16971681013682,NA,NA,NA,NA
"qiime","agg",100,10000,10,2.2621571627982,124.426578712463,93.1936884467663,29.4704319043901,66.6667486232728,NA,NA,NA,NA
"qiime","agg",100,100000,10,2.2621571627982,582.862284064293,64.3864685717162,20.3607891181472,46.0593049438404,NA,NA,NA,NA
"qiime","agg",1000,10,10,2.2621571627982,41.1402383327484,35.304205626681,11.1641700763244,25.2551073048547,NA,NA,NA,NA
"qiime","agg",1000,100,10,2.2621571627982,43.6220736026764,34.1681784746181,10.8049267478931,24.4424424362563,NA,NA,NA,NA
"qiime","agg",1000,1000,10,2.2621571627982,66.1498805999756,10.2937647995164,3.25517424645382,7.36371573777176,NA,NA,NA,NA
"qiime","agg",1000,10000,10,2.2621571627982,395.625634813309,44.814125445001,14.171470775471,32.0580941221171,NA,NA,NA,NA
"qiime","agg",10000,10,10,2.2621571627982,34.8839026451111,6.14167237036182,1.94216733328686,4.39348774434755,NA,NA,NA,NA
"qiime","agg",10000,100,10,2.2621571627982,75.8809503793716,44.9477877772226,14.21373851619,32.15371039454,NA,NA,NA,NA
"qiime","agg",10000,1000,10,2.2621571627982,240.952401018143,38.9460052657932,12.3158082404818,27.860293826855,NA,NA,NA,NA
"qiime","agg",10000,10000,2,12.7062047361747,1708.72040688992,63.0530470526808,44.585237145425,566.509151380671,NA,NA,NA,NA
"qiime","alpha",10,10,10,2.2621571627982,46.7644520759583,28.8407929182142,9.12025951468113,20.6314603877144,NA,NA,NA,NA
"qiime","alpha",10,100,10,2.2621571627982,59.7280210494995,45.4121846805981,14.3605937114896,32.485919926481,NA,NA,NA,NA
"qiime","alpha",10,1000,10,2.2621571627982,60.6576106786729,46.7539367688087,14.7848929768929,33.4457515488831,NA,NA,NA,NA
"qiime","alpha",10,10000,10,2.2621571627982,64.2844099283219,48.1112024213319,15.2140980620817,34.4166809066523,NA,NA,NA,NA
"qiime","alpha",10,100000,10,2.2621571627982,65.3461897850036,45.8394353622219,14.4957022400687,32.7915566521614,NA,NA,NA,NA
"qiime","alpha",100,10,10,2.2621571627982,46.5454307079315,31.4680462324051,9.95106996098802,22.5108841897551,NA,NA,NA,NA
"qiime","alpha",100,100,10,2.2621571627982,48.04090051651,25.878724544152,8.18357124996229,18.5125243203717,NA,NA,NA,NA
"qiime","alpha",100,1000,10,2.2621571627982,52.2084275722504,31.9935257052433,10.1172411607714,22.8867895595958,NA,NA,NA,NA
"qiime","alpha",100,10000,10,2.2621571627982,53.1161639928817,39.9397553500768,12.6300596096138,28.5711798124562,NA,NA,NA,NA
"qiime","alpha",100,100000,10,2.2621571627982,57.4292170763016,37.4978078104531,11.8578479944283,26.8243157759684,NA,NA,NA,NA
"qiime","alpha",1000,10,10,2.2621571627982,37.2825748682022,11.3719589414505,3.5961291712901,8.13500936318148,NA,NA,NA,NA
"qiime","alpha",1000,100,10,2.2621571627982,49.4604610919953,54.114049740852,17.1123650596737,38.7108591921586,NA,NA,NA,NA
"qiime","alpha",1000,1000,10,2.2621571627982,113.078620934486,207.92841081296,65.7527368428136,148.743024622556,NA,NA,NA,NA
"qiime","alpha",1000,10000,10,2.2621571627982,130.310875630379,205.020273562388,64.833103096795,146.662668556849,NA,NA,NA,NA
"qiime","alpha",1000,100000,10,2.2621571627982,88.2144814014434,35.3024755202339,11.1636229686277,25.2538696612597,NA,NA,NA,NA
"qiime","alpha",10000,10,10,2.2621571627982,33.2201569080353,9.26392356953035,2.92950985494331,6.62701170184794,NA,NA,NA,NA
"qiime","alpha",10000,100,10,2.2621571627982,42.2225485086441,33.5025160742132,10.5944258140916,23.9662562410816,NA,NA,NA,NA
"qiime","alpha",10000,1000,10,2.2621571627982,51.316007733345,48.8663233787726,15.4528882755256,34.9568618984007,NA,NA,NA,NA
"qiime","alpha",10000,10000,7,2.44691185114497,108.753025940486,20.1770651124975,7.626213782118,18.6606728828296,NA,NA,NA,NA
"qiime","beta",10,10,10,2.2621571627982,30.6729063749313,6.50383009199884,2.05669166054588,4.6525597715712,NA,NA,NA,NA
"qiime","beta",10,100,10,2.2621571627982,33.1488975286484,10.1114293568112,3.19751471674147,7.2332808196294,NA,NA,NA,NA
"qiime","beta",10,1000,10,2.2621571627982,77.2621913671493,123.507440336236,39.0564819439859,88.3519003832864,NA,NA,NA,NA
"qiime","beta",10,10000,9,2.30600413520417,87.7045347160763,30.152311311569,10.0507704371897,23.1771181901471,NA,NA,NA,NA
"qiime","beta",100,10,10,2.2621571627982,102.138503694534,208.017579357446,65.7809344124354,148.80681195665,NA,NA,NA,NA
"qiime","beta",100,100,10,2.2621571627982,39.2264453887939,26.6027620849761,8.41253202400943,19.0304695753822,NA,NA,NA,NA
"qiime","beta",100,1000,10,2.2621571627982,32.7299467563629,9.25195661268892,2.92572557091533,6.61845105662797,NA,NA,NA,NA
"qiime","beta",100,10000,10,2.2621571627982,81.4482818841934,20.1834848853404,6.38257833572582,14.4383952992828,NA,NA,NA,NA
"qiime","beta",1000,10,10,2.2621571627982,40.1072295904159,32.4556074001945,10.2633642228831,23.2173428912018,NA,NA,NA,NA
"qiime","beta",1000,100,10,2.2621571627982,36.248152256012,21.2113625960728,6.70762180792922,15.1736947181485,NA,NA,NA,NA
"qiime","beta",1000,1000,10,2.2621571627982,88.0065387487412,138.006205262006,43.6413939864655,98.7236920009814,NA,NA,NA,NA
"qiime","beta",1000,10000,9,2.30600413520417,120.592163536284,46.1605832900895,15.3868610966965,35.4821653167943,NA,NA,NA,NA
"qiime","beta",10000,10,10,2.2621571627982,38.3933345794678,24.6431861193803,7.79285969406879,17.6286733756191,NA,NA,NA,NA
"qiime","beta",10000,100,10,2.2621571627982,33.6897561073303,11.2381685351004,3.55382092997552,8.03930147204631,NA,NA,NA,NA
"qiime","beta",10000,1000,10,2.2621571627982,34.1843926429748,6.28401832241834,1.98718107570723,4.49531590418815,NA,NA,NA,NA
"qiime","beta",10000,10000,9,2.30600413520417,300.260385539797,65.3296581364151,21.7765527121384,50.2168206046825,NA,NA,NA,NA
"spseq","agg",10,10,10,2.2621571627982,0.0926604509353638,0.015833235861566,0.0050069088053207,0.0113264146174336,5.3859104,0.265581321372653,0.083984187953474,0.189985432340742
"spseq","agg",10,100,10,2.2621571627982,0.100170254707336,0.0119153905327787,0.0037679773293988,0.00852375690496075,5.5579504,0.26444290155352,0.0836241879972801,0.189171055861231
"spseq","agg",10,1000,10,2.2621571627982,0.103587818145752,0.0246136306188654,0.00778351342416743,0.0176075306442163,7.0185264,0.253058703430734,0.0800241884570186,0.181027291115158
"spseq","agg",10,10000,10,2.2621571627982,0.137104296684265,0.0180353253547285,0.00570327064631264,0.0129016945439329,23.2626864,0.139216735280082,0.0440241971897778,0.0995896530092964
"spseq","agg",10,100000,10,2.2621571627982,1.95063314437866,0.320996677591896,0.101508062253712,0.229627190109001,175.7428144,0.999203292319453,0.31597582492685,0.714786975629346
"spseq","agg",100,10,10,2.2621571627982,0.106997632980347,0.0196517701970897,0.00621443538770195,0.0140580295250366,6.7157896,0.0164119978010666,0.00518992940050456,0.0117404359677684
"spseq","agg",100,100,10,2.2621571627982,0.118193244934082,0.0317196976251245,0.0100306491187227,0.0226909047514341,7.3021928,0.0283377196165582,0.00896117376835572,0.0202715834271653
"spseq","agg",100,1000,10,2.2621571627982,0.122225427627563,0.0117268970652582,0.00370837046125603,0.00838891680123961,12.9539688,0.184800079170738,0.0584389161958973,0.132198012858713
"spseq","agg",100,10000,10,2.2621571627982,1.02580869197845,0.151289162744784,0.0478418339573408,0.108225747368001,71.063944,1.74754686484874,0.552622841080846,1.25011971827693
"spseq","agg",100,100000,10,2.2621571627982,3.61798298358917,0.513126974584919,0.162264996855968,0.367068924909156,642.224072,17.3752014562376,5.49452114059853,12.4294703543511
"spseq","agg",1000,10,10,2.2621571627982,0.134729075431824,0.0219557252412837,0.00694300994433063,0.0157061796769467,11.3528944,0.121929970009382,0.038557642026567,0.0872234460910077
"spseq","agg",1000,100,10,2.2621571627982,0.127376294136047,0.0154640643652548,0.00489016652776513,0.0110623252380599,15.2565696,0.165301088847123,0.0522727940462766,0.11824927547126
"spseq","agg",1000,1000,10,2.2621571627982,0.944809246063233,0.064236467566226,0.0203133546352807,0.0459520006886604,54.0543664,0.835071689248188,0.264072854754862,0.59737429988428
"spseq","agg",1000,10000,10,2.2621571627982,2.63715651035309,0.581974559286915,0.184036514761935,0.416319520085129,443.8444584,8.06677843550386,2.55093932361219,5.77062566277292
"spseq","agg",1000,100000,10,2.2621571627982,6.64666426181793,0.940885647257127,0.297534166309428,0.673069045494064,4331.6845696,80.4106736140879,25.4280876808921,57.5223306835909
"spseq","agg",10000,10,10,2.2621571627982,0.31770076751709,0.0276559263748453,0.00874557181464347,0.0197838579232618,54.972984,1.08291870807493,0.342448963832374,0.774673376426229
"spseq","agg",10000,100,10,2.2621571627982,1.02222788333893,0.150568877922106,0.0476140598969697,0.107710486645833,81.8023088,1.13120445445107,0.357718257539359,0.809214918556354
"spseq","agg",10000,1000,10,2.2621571627982,1.83803765773773,0.157303344677055,0.0497436852742018,0.112528033947015,347.8433736,1.70359774002533,0.538724907519542,1.21868040832313
"spseq","agg",10000,10000,10,2.2621571627982,4.78768713474274,0.649118000775138,0.205269135266438,0.464351044644366,3010.4852496,10.9167772215222,3.45218807286546,7.80939197635912
"spseq","agg",10000,100000,3,4.30265272974946,28.6013044516246,3.04853617796148,1.76007318298037,7.57298368530932,29654.449512,172.410343555209,99.5411582626759,428.291036321326
"spseq","melt",10,10,10,2.2621571627982,0.0181957960128784,0.00228404546953245,0.000722278596311125,0.00163390770018105,3.579824,2.52982212813723e-05,8.000000000008e-06,1.80972573024037e-05
"spseq","melt",10,100,10,2.2621571627982,0.0199779272079468,0.00273810272416673,0.000865864107587863,0.00195872069298976,3.8509672,0.00025551203494165,8.08000000000142e-05,0.000182782298754127
"spseq","melt",10,1000,10,2.2621571627982,0.0401841640472412,0.0104534315696022,0.0033056653124652,0.00747793446440671,6.5022672,0.000166968260456917,5.28000000000084e-05,0.000119441898195764
"spseq","melt",10,10000,10,2.2621571627982,0.320786476135254,0.0312991500283414,0.00989766029168824,0.0223900631237859,33.2198328,2.2768399151901e-05,7.19999999958532e-06,1.6287531571209e-05
"spseq","melt",10,100000,10,2.2621571627982,6.09949984550476,1.31897543698096,0.417096655867571,0.943538187650004,301.2470496,2.02385770279065e-05,6.40000000089458e-06,1.44778058439322e-05
"spseq","melt",100,10,10,2.2621571627982,0.0205562829971314,0.00516321155302769,0.00163275085488628,0.00369353904144588,3.895912,0,0,0
"spseq","melt",100,100,10,2.2621571627982,0.0269585609436035,0.00398553971580851,0.00126033832070151,0.00285108335972397,6.735392,0,0,0
"spseq","melt",100,1000,10,2.2621571627982,0.0822289705276489,0.0112569010385046,0.00355974466767892,0.00805270189772258,35.070864,0,0,0
"spseq","melt",100,10000,10,2.2621571627982,3.37377073764801,0.216608546556771,0.0684976367778021,0.154952419671655,318.630384,0,0,0
"spseq","melt",100,100000,10,2.2621571627982,13.9788860797882,2.07948004909648,0.657589330402363,1.48757041394938,3155.0776,0,0,0
"spseq","melt",1000,10,10,2.2621571627982,0.024873685836792,0.00369272251259741,0.00116774139067876,0.0026416145512199,6.93968,0,0,0
"spseq","melt",1000,100,10,2.2621571627982,0.0654779195785522,0.00702775946266886,0.00222237267498347,0.00502735626512086,34.80816,0,0,0
"spseq","melt",1000,1000,10,2.2621571627982,3.3791341304779,0.529362484031088,0.167399115738275,0.378683108713425,313.433632,0,0,0
"spseq","melt",1000,10000,10,2.2621571627982,11.1638492822647,0.764932450169502,0.241892879870888,0.547199710829815,3099.893152,0,0,0
"spseq","melt",1000,100000,5,2.77644510519779,55.9495691299438,7.38074074573028,3.30076760635108,9.16440006404889,30965.340368,0,0,0
"spseq","melt",10000,10,10,2.2621571627982,0.178381323814392,0.0144545604171992,0.00457093334948632,0.0103401696172137,37.42856,0,0,0
"spseq","melt",10000,100,10,2.2621571627982,3.30556333065033,0.311026608450671,0.0983552495621494,0.222495032295821,315.58704,0,0,0
"spseq","melt",10000,1000,10,2.2621571627982,11.18745033741,1.33782038887966,0.423055952907193,0.957019054133428,3097.112512,0,0,0
"spseq","melt",10000,10000,9,2.30600413520417,54.2144087685479,6.65235733439666,2.21745244479889,5.11345450732482,30912.572032,0,0,0
"tse","agg",10,10,10,2.2621571627982,1.11317577362061,0.167469803288603,0.0529586017692343,0.119800680324051,22.6212032,0.919479602880383,0.290764980716913,0.657756083819646
"tse","agg",10,100,10,2.2621571627982,1.16628384590149,0.189873196905089,0.0600431768837714,0.135827102664783,22.6511408,0.93355047341698,0.295214580672613,0.66782177823102
"tse","agg",10,1000,10,2.2621571627982,1.17240483760834,0.26789766711198,0.0847166807919441,0.191642446261985,22.9438208,1.07357612701525,0.339494580295042,0.7679900965456
"tse","agg",10,10000,10,2.2621571627982,1.21261358261108,0.352178557952604,0.111368638620384,0.251933363566186,25.8698792,2.4740932421109,0.782376978870087,1.76985968675939
"tse","agg",10,100000,10,2.2621571627982,1.78758103847504,0.235511896285619,0.0744754008327905,0.168475061446165,54.0892448,16.4766258307133,5.2103665779418,11.7866680750954
"tse","agg",100,10,10,2.2621571627982,1.34272835254669,0.204270687813795,0.0645960632700793,0.146126447214976,26.4189184,0.0418168246501595,0.0132236410410378,0.0299139542992559
"tse","agg",100,100,10,2.2621571627982,1.21522514820099,0.154676425515232,0.0489129804961516,0.110648849183178,27.0728224,0.0572388939779777,0.0181005275719305,0.0409462380972691
"tse","agg",100,1000,10,2.2621571627982,1.36462545394898,0.115235445755202,0.036440647577122,0.0824344719335916,33.6032224,0.213113520415347,0.067392412468929,0.152452228584839
"tse","agg",100,10000,10,2.2621571627982,2.06205658912659,0.147474651365836,0.0466355795455305,0.105497010310167,98.9074704,1.77575116178586,0.561541822893346,1.27029585686894
"tse","agg",100,100000,10,2.2621571627982,4.12120943069458,0.612536405362319,0.19370101907171,0.438182147734381,750.8995624,17.4034743707039,5.503461821179,12.4496955789665
"tse","agg",1000,10,10,2.2621571627982,1.3062695980072,0.200807665861128,0.0635009595743203,0.143649150545608,34.5640904,0.210332820167995,0.0665130778417465,0.150463035459461
"tse","agg",1000,100,10,2.2621571627982,2.05748825073242,0.204807286792086,0.0647657507662312,0.146510306999833,40.1546744,0.263389848019667,0.0832911832307736,0.188417746743432
"tse","agg",1000,1000,10,2.2621571627982,1.99205601215363,0.195194414739205,0.061725893711943,0.139633672590593,96.0521224,0.946795743568708,0.299403102862983,0.677296873705506
"tse","agg",1000,10000,10,2.2621571627982,3.81750540733337,0.41413878023223,0.130962181293776,0.296257036469393,655.0251944,8.1692950650616,2.58335792835681,5.84396164170389
"tse","agg",1000,100000,10,2.2621571627982,10.0728206157684,1.40058732995312,0.442904602462563,1.00191981889698,6243.6960904,80.5122256094295,25.4602012415135,57.5949766047736
"tse","agg",10000,10,10,2.2621571627982,2.52528345584869,0.458115677035112,0.144868897126105,0.327716213300494,91.2812152,1.19776235259929,0.378765712981545,0.85682757064357
"tse","agg",10000,100,10,2.2621571627982,2.62251424789429,0.158625312383008,0.0501617281686017,0.113473712674939,135.802244,1.24660546429878,0.394211261079585,0.891767827906897
"tse","agg",10000,1000,10,2.2621571627982,3.80343418121338,0.55656957691396,0.176002753940438,0.398145890498572,581.010644,1.94005934744779,0.613500633383499,1.38783485218972
"tse","agg",10000,10000,10,2.2621571627982,8.80477619171143,0.748336100563085,0.236644653310816,0.53532739752496,5033.095468,11.2772383654695,3.56617589515181,8.06725034501597
"tse","agg",10000,100000,1,0,40.1238577365875,NA,0,0,49562.239112,NA,0,0
"tse","alpha",10,10,10,2.2621571627982,0.105801320075989,0.0177433751679136,0.00561094789094795,0.0126928459615954,2.828,0,0,0
"tse","alpha",10,100,10,2.2621571627982,0.107548379898071,0.0163805174085243,0.00517997442629756,0.0117179162515605,2.865104,0,0,0
"tse","alpha",10,1000,10,2.2621571627982,0.344174766540527,0.526653546501655,0.166542474475063,0.376745251543902,3.221472,0,0,0
"tse","alpha",10,10000,10,2.2621571627982,0.118635320663452,0.0180873773897667,0.0057197309450694,0.0129389303266673,6.836352,0,0,0
"tse","alpha",10,100000,10,2.2621571627982,0.938432598114014,0.0643681713926369,0.0203550030420825,0.0460462159304262,42.673856,0,0,0
"tse","alpha",100,10,10,2.2621571627982,0.118213510513306,0.0304690145714342,0.00963514841065911,0.0217962199917962,2.87192,0,0,0
"tse","alpha",100,100,10,2.2621571627982,0.114704847335815,0.0354986095869909,0.011225646006398,0.0253941755204104,3.168224,0,0,0
"tse","alpha",100,1000,10,2.2621571627982,0.143041038513184,0.1096766233149,0.034682793575141,0.0784579299118568,6.116592,0,0,0
"tse","alpha",100,10000,10,2.2621571627982,0.271905827522278,0.0374758957005882,0.011850918776877,0.0268086407968521,35.651472,0,0,0
"tse","alpha",100,100000,10,2.2621571627982,1.99799573421478,0.183268415976641,0.0579545617657377,0.131102327015195,330.688976,0,0,0
"tse","alpha",1000,10,10,2.2621571627982,0.118234753608704,0.0276386836924314,0.00874011919970359,0.0197715232513196,3.293088,0,0,0
"tse","alpha",1000,100,10,2.2621571627982,0.112615394592285,0.0156324504712141,0.00494341488988091,0.0111827814018274,6.181392,0,0,0
"tse","alpha",1000,1000,10,2.2621571627982,0.251082754135132,0.0238029734040857,0.00752716110413224,0.0170276214072488,35.04976,0,0,0
"tse","alpha",1000,10000,10,2.2621571627982,1.94154627323151,0.12879456237009,0.04072841673341,0.0921340796429137,323.78464,0,0,0
"tse","alpha",1000,100000,10,2.2621571627982,8.02625501155853,0.588148506234742,0.185988888212753,0.420736095671353,3210.822144,0,0,0
"tse","alpha",10000,10,10,2.2621571627982,0.137507963180542,0.0204397288158043,0.0064636097814118,0.0146217011645532,7.555968,0,0,0
"tse","alpha",10000,100,10,2.2621571627982,0.299556732177734,0.0370447450315189,0.0117145769639806,0.0265002141882195,36.364272,0,0,0
"tse","alpha",10000,1000,10,2.2621571627982,2.12926454544067,0.435058151049917,0.137577467193931,0.311221852852386,324.43264,0,0,0
"tse","alpha",10000,10000,10,2.2621571627982,8.11452572345734,1.67434997082687,0.52947595080494,1.19775781464278,3205.16752,0,0,0
"tse","alpha",10000,100000,6,2.57058183563631,63.5318424701691,16.0178392668408,6.53925549761269,16.8096914007481,32012.205024,0,0,0
"tse","beta",10,10,10,2.2621571627982,0.0512937545776367,0.00829352829522084,0.00262264392519512,0.00593283274084934,1.343104,0,0,0
"tse","beta",10,100,10,2.2621571627982,0.0567669868469238,0.0142423395129306,0.00450382320702738,0.0101883559277538,1.424936,0,0,0
"tse","beta",10,1000,10,2.2621571627982,0.0732757806777954,0.00720560142342351,0.00227861124093696,0.00515457673991806,5.802536,0,0,0
"tse","beta",10,10000,10,2.2621571627982,3.43781962394714,0.344801463235441,0.10903579643828,0.246656107914263,405.978536,0,0,0
"tse","beta",100,10,10,2.2621571627982,0.0523784637451172,0.00808894534668087,0.00255794911641319,0.00578648291576743,1.421656,0,0,0
"tse","beta",100,100,10,2.2621571627982,0.0545876979827881,0.0137714037529798,0.00435490024372071,0.00985146877960446,1.859888,0,0,0
"tse","beta",100,1000,10,2.2621571627982,0.0946910858154297,0.0154602957655306,0.00488897479189333,0.0110596293442214,9.801488,0,0,0
"tse","beta",100,10000,10,2.2621571627982,6.61928102970124,1.78092627218839,0.563178336494828,1.27399790783455,445.617488,0,0,0
"tse","beta",1000,10,10,2.2621571627982,0.0576088666915893,0.00640575631749794,0.00202567800993062,0.00458240201968736,2.137832,0,0,0
"tse","beta",1000,100,10,2.2621571627982,0.0632452726364136,0.00641260542062581,0.00202784388651196,0.00458730157290959,6.140064,0,0,0
"tse","beta",1000,1000,10,2.2621571627982,1.09743356704712,0.076636454293363,0.0242345747366417,0.0548224168278624,49.721664,0,0,0
"tse","beta",1000,10000,10,2.2621571627982,30.8699649333954,3.3339880271816,1.05429958576252,2.38499135966787,841.937664,0,0,0
"tse","beta",10000,10,10,2.2621571627982,0.157096648216248,0.0198179119155625,0.00626697401217679,0.0141768801507159,9.657992,0,0,0
"tse","beta",10000,100,10,2.2621571627982,1.13779563903809,0.271686063999206,0.0859146770763766,0.19435250213782,49.300224,0,0,0
"tse","beta",10000,1000,10,2.2621571627982,5.06438436508179,0.399778053174623,0.126420920657972,0.285983991193974,449.281824,0,0,0
"tse","beta",10000,10000,10,2.2621571627982,267.152930593491,43.7213810739538,13.8259146641873,31.2763918898279,4805.497824,0,0,0
"tse","melt",10,10,10,2.2621571627982,0.124749064445496,0.0158255600087251,0.00500448148752454,0.0113209236430947,5.861424,0,0,0
"tse","melt",10,100,10,2.2621571627982,0.125400161743164,0.0202827683435374,0.00641397452191387,0.0145094184067527,6.36144,0,0,0
"tse","melt",10,1000,10,2.2621571627982,0.160596203804016,0.0207586041977488,0.00656444703108186,0.0148498108711713,11.18308,0,0,0
"tse","melt",10,10000,10,2.2621571627982,1.12775902748108,0.0820763829999133,0.0259548312388049,0.0587139073960812,60.749624,0,0,0
"tse","melt",10,100000,10,2.2621571627982,7.19414165019989,0.775364019442799,0.245191631718232,0.554662005949579,547.8747072,0.245225778168621,0.0775472000000036,0.175423953934953
"tse","melt",100,10,10,2.2621571627982,0.124596095085144,0.0189987885903283,0.00600794447294569,0.013590914623168,6.293848,0,0,0
"tse","melt",100,100,10,2.2621571627982,0.130346345901489,0.0164967897479326,0.00521674296843819,0.0118010924725296,10.5033376,0.000247922568557028,7.83999999999452e-05,0.000177353121563255
"tse","melt",100,1000,10,2.2621571627982,0.288815522193909,0.0404741471856639,0.0127990491459592,0.0289534607025378,51.715504,0,0,0
"tse","melt",100,10000,10,2.2621571627982,3.73289246559143,0.482749304704371,0.152658734172845,0.345338048972808,454.939104,0,0,0
"tse","melt",100,100000,10,2.2621571627982,19.7163326978683,2.30287379550589,0.728232635771544,1.64737667319402,4711.284816,0,0,0
"tse","melt",1000,10,10,2.2621571627982,0.152295064926148,0.0179549862060726,0.00567786517680947,0.012844223379122,10.565856,0,0,0
"tse","melt",1000,100,10,2.2621571627982,0.298678517341614,0.069124564731166,0.0218591066818229,0.0494487347526558,50.546672,0,0,0
"tse","melt",1000,1000,10,2.2621571627982,3.46896193027496,0.213443072609932,0.0674966260232084,0.152687976023113,439.223816,0,0,0
"tse","melt",1000,10000,10,2.2621571627982,14.1494385957718,1.15055864458318,0.3638385898479,0.823060072126824,4432.825592,0,0,0
"tse","melt",1000,100000,6,2.57058183563631,85.2540112733841,3.97589255874518,1.62315134017571,4.17244335154443,45020.561256,0,0,0
"tse","melt",10000,10,10,2.2621571627982,1.0271226644516,0.0911786888697431,0.0288332330896232,0.0652253047603213,53.41024,0,0,0
"tse","melt",10000,100,10,2.2621571627982,3.60566947460174,0.238443766794911,0.0754025396941944,0.170572395262398,440.8560336,0.000247922568560398,7.8400000001011e-05,0.000177353121565666
"tse","melt",10000,1000,10,2.2621571627982,14.0722470998764,1.84281408339201,0.582748980775422,1.31826978097447,4419.911432,0,0,0
"tse","melt",10000,10000,5,2.77644510519779,72.5106189250946,5.60306957107028,2.50576888871475,6.95712976582898,43574.90316,0,0,0
"tse","trans",10,10,10,2.2621571627982,0.399141263961792,0.0673808766632757,0.0213077040994838,0.0482013754514319,7.68464,0,0,0
"tse","trans",10,100,10,2.2621571627982,0.368150758743286,0.0319148488993821,0.0100923613702165,0.0228305075631832,7.821952,0,0,0
"tse","trans",10,1000,10,2.2621571627982,0.382740306854248,0.0464993631474247,0.0147043897293158,0.033263640550748,9.189952,0,0,0
"tse","trans",10,10000,10,2.2621571627982,0.402890849113464,0.0419479800061548,0.0132651160062653,0.0300077771889222,22.8696,0,0,0
"tse","trans",10,100000,10,2.2621571627982,2.01125237941742,0.136612390457984,0.0432006310447484,0.09772661695528,159.6696,0,0,0
"tse","trans",100,10,10,2.2621571627982,0.385042190551758,0.075825291916844,0.0239780626704382,0.054242146219956,9.0693152,0.000150953120022359,4.77355679179423e-05,0.000107985356885813
"tse","trans",100,100,10,2.2621571627982,0.387476491928101,0.0440027239985613,0.0139148831087205,0.0314776524938919,10.4378272,0.000150953120021991,4.77355679178259e-05,0.00010798535688555
"tse","trans",100,1000,10,2.2621571627982,0.410176753997803,0.0432586639811483,0.0136795906716316,0.0309453840219789,24.1174752,0.000150953120022154,4.77355679178775e-05,0.000107985356885667
"tse","trans",100,10000,10,2.2621571627982,1.24287230968475,0.0707185581492608,0.0223631716594726,0.0505890089523618,160.9174752,0.000150953120021652,4.77355679177187e-05,0.000107985356885308
"tse","trans",100,100000,10,2.2621571627982,5.31759433746338,0.297775211620147,0.0941647899458304,0.213015554059349,1528.9174752,0.000150953120019744,4.77355679171153e-05,0.000107985356883943
"tse","trans",1000,10,10,2.2621571627982,1.23122754096985,0.131475288888253,0.0415761368915505,0.0940517558706997,129.7481408,0.00460522169330208,0.0014562989680852,0.00329437714182956
"tse","trans",1000,100,10,2.2621571627982,1.37464919090271,0.250842493175151,0.0793233612388719,0.179441909803744,143.4286528,0.0046052216933029,0.00145629896808546,0.00329437714183015
"tse","trans",1000,1000,10,2.2621571627982,2.13469808101654,0.233407765180494,0.0738100161540102,0.166969856729045,280.2286528,0.00460522169329822,0.00145629896808398,0.0032943771418268
"tse","trans",1000,10000,10,2.2621571627982,5.93045117855072,1.20997083410536,0.382626373814669,0.865560992200358,1648.2286528,0.00460522169329319,0.00145629896808238,0.0032943771418232
"tse","trans",1000,100000,10,2.2621571627982,23.3386474847794,3.88348384560926,1.2280654208595,2.7780769881821,15328.2286528,0.00460522169305469,0.00145629896800696,0.00329437714165259
"tse","trans",10000,10,10,2.2621571627982,18.796731543541,2.44358409517178,0.772729139490448,1.74803475780121,12030.3215512,0.00304333022271559,0.000962385517580876,0.00217706729196884
"tse","trans",10000,100,10,2.2621571627982,19.004193520546,1.3453751450069,0.425444976560112,0.962423401101972,12167.1220632,0.0030433302225536,0.00096238551752965,0.00217706729185296
"tse","trans",10000,1000,10,2.2621571627982,21.2797696828842,1.7572225783763,0.555682570354284,1.25704130676906,13535.1220632,0.0030433302225536,0.00096238551752965,0.00217706729185296
"tse","trans",10000,10000,10,2.2621571627982,54.7311990022659,5.7174018766838,1.8080012228842,4.0899829166954,27215.1220632,0.0030433302228516,0.000962385517623886,0.00217706729206613
